[
    {
      "header_text": "Register",
      "type": "Male",
      "firstName": "TestFirstName",
      "lastName": "TestLastName",
      "dob" : "20/05/1995",
      "Email": "BrainStation@brainstation23.com",
      "companyName":"Brainstation-23",
      "status": "checked",
      "password": "pass@1234",
      "confirmPassword": "pass@1234",
      "msg": "Your registration completed"
    },
    {
      "header_text": "Register",
      "type": "Female",
      "firstName": "TestFirstName",
      "lastName": "TestLastName",
      "dob" : "20/05/1995",
      "Email": "BrainStation@brainstation23.com",
      "companyName":"Brainstation-23",
      "status": "unchecked",
      "password": "pass@1234",
      "confirmPassword": "pass@1234",
      "msg": "Your registration completed"
    },
    {
      "header_text": "Register",
      "type": "Female",
      "firstName": "TestFirstName",
      "lastName": "TestLastName",
      "dob" : "3/05/2000",
      "Email": "BrainStation@brainstation23.com",
      "companyName":"Brainstation-23",
      "status": "unchecked",
      "password": "pass@1234",
      "confirmPassword": "pass@1234",
      "msg": "Your registration completed"
    },
    {
      "header_text": "Register",
      "type": "Male",
      "firstName": "TestFirstName",
      "lastName": "TestLastName",
      "dob" : "2/05/2001",
      "Email": "BrainStation@brainstation23.com",
      "companyName":"Brainstation-23",
      "status": "checked",
      "password": "pass@1234",
      "confirmPassword": "pass@1234",
      "msg": "Your registration completed"
    },
    {
      "header_text": "Register",
      "type": "Female",
      "firstName": "TestFirstName",
      "lastName": "TestLastName",
      "dob" : "10/05/1990",
      "Email": "BrainStation@brainstation23.com",
      "companyName":"Brainstation-23",
      "status": "unchecked",
      "password": "pass@1234",
      "confirmPassword": "pass@1234",
      "msg": "Your registration completed"
    }
  ]